idx,isrc,jsrc,dsrc,qbar,lon,lat,py_col,py_row,face_mask,rho_recv,rho_send,lon_face,lat_face,status
1,121,412,0,1.00000,9.87300,37.28900,120,411,1.00000,1.00000,1.00000,9.88306,37.28181,mar_abierto
2,135,409,0,1.00000,10.08300,37.24500,134,408,1.00000,1.00000,1.00000,10.10181,37.24450,mar_abierto
3,146,401,0,1.00000,10.21900,37.15500,145,400,1.00000,1.00000,1.00000,10.27369,37.14492,mar_abierto
4,141,392,0,1.00000,10.18100,37.03400,140,391,1.00000,1.00000,1.00000,10.19556,37.03273,mar_abierto
5,143,387,0,1.00000,10.20500,36.98300,142,386,1.00000,1.00000,1.00000,10.22681,36.97034,mar_abierto
6,144,384,0,1.00000,10.24900,36.94400,143,383,1.00000,1.00000,1.00000,10.24244,36.93287,mar_abierto
7,150,383,0,1.00000,10.31100,36.92100,149,382,1.00000,1.00000,1.00000,10.33619,36.92038,mar_abierto
8,148,370,0,1.00000,10.29800,36.76500,147,369,1.00000,1.00000,1.00000,10.30494,36.75780,mar_abierto
9,151,369,0,1.00000,10.32600,36.74000,150,368,1.00000,1.00000,1.00000,10.35181,36.74528,mar_abierto
10,153,368,1,1.00000,10.37500,36.71900,152,367,1.00000,1.00000,1.00000,10.37525,36.73902,mar_abierto
11,156,368,0,1.00000,10.43100,36.72000,155,367,1.00000,1.00000,1.00000,10.42994,36.73276,mar_abierto
12,163,373,0,1.00000,10.56100,36.79700,162,372,1.00000,1.00000,1.00000,10.53931,36.79535,mar_abierto
13,191,394,0,1.00000,10.97600,37.05100,190,393,1.00000,1.00000,1.00000,10.97681,37.05768,mar_abierto
14,198,374,1,-1.00000,11.08600,36.83100,197,373,1.00000,1.00000,1.00000,11.07838,36.81412,mar_abierto
15,195,372,1,-1.00000,11.03300,36.79700,194,371,1.00000,1.00000,1.00000,11.03150,36.78909,mar_abierto
16,193,368,1,-1.00000,10.99800,36.75700,192,367,1.00000,1.00000,1.00000,11.00025,36.73902,mar_abierto
17,184,352,1,-1.00000,10.85600,36.55300,183,351,1.00000,1.00000,1.00000,10.85963,36.53840,mar_abierto
18,181,346,1,-1.00000,10.81100,36.47000,180,345,1.00000,1.00000,1.00000,10.81275,36.46303,mar_abierto
19,179,344,1,-1.00000,10.79500,36.45300,178,343,1.00000,1.00000,1.00000,10.78150,36.43790,mar_abierto
20,175,343,1,-1.00000,10.72600,36.44000,174,342,1.00000,1.00000,1.00000,10.71900,36.42532,mar_abierto
21,161,333,0,1.00000,10.50500,36.30800,160,332,1.00000,1.00000,1.00000,10.50806,36.29319,mar_abierto
22,161,333,0,1.00000,10.50300,36.30600,160,332,1.00000,1.00000,1.00000,10.50806,36.29319,mar_abierto
23,164,307,0,1.00000,10.53900,35.96500,163,306,1.00000,1.00000,1.00000,10.55494,35.96504,mar_abierto
24,165,306,0,1.00000,10.54600,35.95300,164,305,1.00000,1.00000,1.00000,10.57056,35.95239,mar_abierto
25,169,299,0,1.00000,10.60600,35.87300,168,298,1.00000,1.00000,1.00000,10.63306,35.86380,mar_abierto
26,162,308,0,1.00000,10.53300,35.97600,161,307,1.00000,1.00000,1.00000,10.52369,35.97769,mar_abierto
27,188,284,1,1.00000,10.87000,35.68300,187,283,1.00000,1.00000,1.00000,10.92213,35.67996,mar_abierto
28,198,269,0,1.00000,11.05900,35.49000,197,268,1.00000,1.00000,1.00000,11.08619,35.48298,mar_abierto
29,178,208,0,1.00000,10.75300,34.72500,177,207,1.00000,1.00000,1.00000,10.77369,34.70306,mar_abierto
30,137,145,0,1.00000,10.11300,33.89500,136,144,1.00000,1.00000,1.00000,10.13306,33.88979,mar_abierto
31,138,144,0,1.00000,10.12200,33.88300,137,143,1.00000,1.00000,1.00000,10.14869,33.87681,mar_abierto
32,140,141,0,1.00000,10.15400,33.84400,139,140,1.00000,1.00000,1.00000,10.17994,33.83789,mar_abierto
33,151,131,1,1.00000,10.33100,33.70800,150,130,1.00000,1.00000,1.00000,10.34400,33.71449,mar_abierto
34,155,129,1,1.00000,10.38500,33.68000,154,128,1.00000,1.00000,1.00000,10.40650,33.68849,mar_abierto
35,157,127,1,1.00000,10.41600,33.66400,156,126,1.00000,1.00000,1.00000,10.43775,33.66248,mar_abierto
36,122,411,1,1.00000,9.89000,37.27500,121,410,1.00000,1.00000,1.00000,9.89088,37.27559,mar_abierto
37,123,411,1,1.00000,9.89300,37.26400,122,410,1.00000,1.00000,1.00000,9.90650,37.27559,mar_abierto
38,135,409,1,1.00000,10.09500,37.23800,134,408,1.00000,1.00000,1.00000,10.09400,37.25072,mar_abierto
39,186,391,1,1.00000,10.90700,37.02200,185,390,1.00000,1.00000,1.00000,10.89088,37.02650,mar_abierto
40,184,352,0,1.00000,10.85900,36.56800,183,351,1.00000,1.00000,1.00000,10.86744,36.53212,mar_abierto
41,172,295,0,1.00000,10.64900,35.81300,171,294,1.00000,1.00000,1.00000,10.67994,35.81313,mar_abierto
42,175,292,1,1.00000,10.71400,35.77400,174,291,1.00000,1.00000,1.00000,10.71900,35.78144,mar_abierto
43,198,269,0,1.00000,11.06000,35.49500,197,268,1.00000,1.00000,1.00000,11.08619,35.48298,mar_abierto
44,198,268,0,1.00000,11.05900,35.49100,197,267,1.00000,1.00000,1.00000,11.08619,35.47025,mar_abierto
45,201,248,1,1.00000,11.15600,35.22900,200,247,1.00000,1.00000,1.00000,11.12525,35.22171,mar_abierto
46,195,240,0,1.00000,11.03000,35.12200,194,239,1.00000,1.00000,1.00000,11.03931,35.11313,mar_abierto
47,194,233,0,1.00000,11.01300,35.02900,193,232,1.00000,1.00000,1.00000,11.02369,35.02360,mar_abierto
48,179,209,0,1.00000,10.77800,34.73000,178,208,1.00000,1.00000,1.00000,10.78931,34.71591,mar_abierto
49,177,205,0,1.00000,10.74600,34.68000,176,204,1.00000,1.00000,1.00000,10.75806,34.66451,mar_abierto
50,176,204,0,1.00000,10.73900,34.67100,175,203,1.00000,1.00000,1.00000,10.74244,34.65166,mar_abierto
51,171,201,0,1.00000,10.65000,34.63500,170,200,1.00000,1.00000,1.00000,10.66431,34.61309,mar_abierto
52,170,200,0,1.00000,10.64300,34.63000,169,199,1.00000,1.00000,1.00000,10.64869,34.60023,mar_abierto
53,170,200,0,1.00000,10.64100,34.62700,169,199,1.00000,1.00000,1.00000,10.64869,34.60023,mar_abierto
54,168,198,0,1.00000,10.60100,34.57800,167,197,1.00000,1.00000,1.00000,10.61744,34.57450,mar_abierto
55,167,194,0,1.00000,10.59300,34.54000,166,193,1.00000,1.00000,1.00000,10.60181,34.52301,mar_abierto
56,147,185,1,-1.00000,10.28400,34.42900,146,184,1.00000,1.00000,1.00000,10.28150,34.41351,mar_abierto
57,136,148,0,1.00000,10.09300,33.92800,135,147,1.00000,1.00000,1.00000,10.11744,33.92869,mar_abierto
58,136,147,0,1.00000,10.09600,33.92100,135,146,1.00000,1.00000,1.00000,10.11744,33.91573,mar_abierto
59,176,131,0,1.00000,10.74300,33.72100,175,130,0.00000,1.00000,1.00000,10.74244,33.70799,valido
60,201,113,0,1.00000,11.11700,33.49100,200,112,1.00000,1.00000,1.00000,11.13306,33.47369,mar_abierto
61,146,388,0,1.00000,10.26400,37.00400,145,387,1.00000,1.00000,1.00000,10.27369,36.98282,mar_abierto
62,197,390,0,1.00000,11.05800,37.00900,196,389,1.00000,1.00000,1.00000,11.07056,37.00778,mar_abierto
63,178,344,0,1.00000,10.76800,36.45000,177,343,1.00000,1.00000,1.00000,10.77369,36.43161,mar_abierto
64,172,342,0,1.00000,10.68200,36.42500,171,341,1.00000,1.00000,1.00000,10.67994,36.40646,mar_abierto
65,183,287,0,1.00000,10.81900,35.72900,182,286,1.00000,1.00000,1.00000,10.85181,35.71169,mar_abierto
66,198,266,0,1.00000,11.03200,35.16100,197,265,1.00000,1.00000,1.00000,11.08619,35.44479,mar_abierto
67,194,233,0,1.00000,11.05400,35.16000,193,232,1.00000,1.00000,1.00000,11.02369,35.02360,mar_abierto
68,196,236,0,1.00000,10.92200,34.79900,195,235,1.00000,1.00000,1.00000,11.05494,35.06198,mar_abierto
69,168,198,0,1.00000,10.49300,34.51600,167,197,1.00000,1.00000,1.00000,10.61744,34.57450,mar_abierto
70,160,192,0,1.00000,10.58100,34.59600,159,191,1.00000,1.00000,1.00000,10.49244,34.49726,mar_abierto
71,208,206,0,1.00000,11.15800,34.73700,207,205,1.00000,1.00000,1.00000,11.24244,34.67736,mar_abierto
72,176,133,0,-1.00000,10.72900,33.76800,175,132,0.00000,1.00000,1.00000,10.74244,33.73399,valido
73,182,146,1,1.00000,10.83900,33.89200,181,145,1.00000,1.00000,1.00000,10.82838,33.90924,mar_abierto
74,191,131,0,1.00000,10.94100,33.69800,190,130,1.00000,1.00000,1.00000,10.97681,33.70799,mar_abierto
75,199,122,0,1.00000,11.07700,33.59500,198,121,1.00000,1.00000,1.00000,11.10181,33.59092,mar_abierto
76,201,113,0,1.00000,11.11500,33.47800,200,112,1.00000,1.00000,1.00000,11.13306,33.47369,mar_abierto
77,201,99,0,1.00000,11.06500,33.31500,200,98,1.00000,1.00000,1.00000,11.13306,33.29102,mar_abierto
